<?xml version="1.0" encoding="UTF-8" standalone="yes"?>
<addon id="plugin.video.abaddon" name="Abaddon" version="1.0.0" provider-name="Munkee, midraal">
        <requires>
                <import addon="xbmc.python" version="2.19.0" />
                <import addon="script.module.nanscrapers" version="0.5.5" />
                <import addon="script.module.python.koding.aio" version="0.9.6.6"/>
                <import addon="script.module.liveresolver" version="0.1.47" />
                <import addon="script.module.beautifulsoup" version="3.2.1"/>
                <import addon="script.module.requests" version="2.9.1" />
                <import addon="script.module.addon.common" version="2.0.0" />
                <import addon="script.module.xmltodict" version="0.9.0"/>
                <!--<import addon="script.module.web-pdb" version="1.0"/>-->
                <import addon="script.module.urlresolver" version="1.2.0"/>
        </requires>
        <extension point="xbmc.python.pluginsource" library="default.py">
                <provides>audio video</provides>
        </extension>
        <extension point="xbmc.service" library="service.py" start="[login|startup]">
              </extension>
        <extension point="xbmc.addon.metadata">
          <summary lang="en">Abaddon</summary>
          <description lang="en">Abaddon is an addon made with the Jen template from Midraal which is derived from BOB. Thanks to Midraal and Thunder for all their help and endless advice and support with this</description>
          <platform>all</platform>
          <forum>http://www.noobsandnerds.com/support/forumdisplay.php?fid=253</forum>
          <website>www.noobsandnerds.com</website>
          <video_guide>y0w8zIH4lOY</video_guide>
          <video_preview>WdKIzajiBBI</video_preview>
        </extension>
</addon>
